city,Апгрейд,Игровой,Технологии доступа,Технологии доступа PRO,Технологии контроля
Абаза,-1.0,890.0,433.3333333333333,890.0,-1.0
Абакан,-1.0,890.0,433.3333333333333,890.0,-1.0
Абдулино,-1.0,890.0,499.0,890.0,-1.0
Абинск,-1.0,890.0,681.25,890.0,840.0
Агидель,-1.0,890.0,432.3333333333333,-1.0,-1.0
Азов,-1.0,890.0,662.5,890.0,840.0
Алагир,-1.0,890.0,681.25,890.0,840.0
Алапаевск,-1.0,890.0,550.0,-1.0,840.0
Алатырь,-1.0,890.0,432.3333333333333,890.0,-1.0
Алдан,-1.0,1966.6666666666667,1266.6666666666667,2490.0,1840.0
Александров,-1.0,890.0,505.0,890.0,-1.0
Александровск,-1.0,890.0,590.0,-1.0,880.0
Алексеевка,-1.0,890.0,605.0,890.0,-1.0
Алексин,-1.0,890.0,473.3333333333333,890.0,-1.0
Альметьевск,-1.0,890.0,399.0,890.0,-1.0
Амурск,-1.0,1033.3333333333333,813.3333333333334,1290.0,977.5
Анапа,-1.0,890.0,681.25,890.0,840.0
Ангарск,-1.0,890.0,550.0,-1.0,-1.0
Андреаполь,-1.0,890.0,473.3333333333333,890.0,-1.0
Анива,-1.0,1533.3333333333333,1168.5714285714287,-1.0,1265.0
Апатиты,-1.0,923.3333333333334,600.0,-1.0,890.0
Апрелевка,-1.0,890.0,475.0,890.0,740.0
Апшеронск,-1.0,890.0,681.25,890.0,840.0
Арамиль,-1.0,890.0,550.0,-1.0,840.0
Ардатов,-1.0,890.0,432.3333333333333,890.0,-1.0
Ардон,-1.0,890.0,681.25,890.0,840.0
Арзамас,-1.0,890.0,465.6666666666667,890.0,699.0
Аркадак,-1.0,890.0,449.0,890.0,-1.0
Армавир,-1.0,890.0,681.25,890.0,840.0
Арсеньев,-1.0,1033.3333333333333,650.0,990.0,1065.0
Артем,-1.0,1033.3333333333333,650.0,990.0,1065.0
Архангельск,-1.0,890.0,696.6666666666666,-1.0,-1.0
Асбест,-1.0,890.0,550.0,-1.0,840.0
Астрахань,-1.0,890.0,666.9230769230769,-1.0,840.0
Аткарск,-1.0,890.0,449.0,890.0,-1.0
Ахтубинск,-1.0,890.0,642.7272727272727,-1.0,840.0
Ачинск,-1.0,890.0,433.3333333333333,890.0,-1.0
Аша,-1.0,890.0,450.0,-1.0,740.0
Бабаево,-1.0,890.0,520.0,-1.0,810.0
Бабушкин,-1.0,890.0,433.3333333333333,890.0,-1.0
Багратионовск,-1.0,890.0,410.0,-1.0,810.0
Бакал,-1.0,890.0,450.0,-1.0,740.0
Баксан,-1.0,890.0,681.25,890.0,840.0
Балабаново,-1.0,890.0,544.0,890.0,-1.0
Балаково,-1.0,890.0,449.0,890.0,-1.0
Балахна,-1.0,890.0,465.6666666666667,890.0,699.0
Балашиха,490.0,890.0,483.3333333333333,890.0,740.0
Балашов,-1.0,890.0,449.0,890.0,-1.0
Барабинск,-1.0,890.0,433.3333333333333,-1.0,-1.0
Барнаул,-1.0,890.0,433.3333333333333,890.0,-1.0
Барыш,-1.0,890.0,432.3333333333333,890.0,-1.0
Белгород,-1.0,890.0,605.0,890.0,-1.0
Белев,-1.0,890.0,473.3333333333333,890.0,-1.0
Белово,-1.0,890.0,433.3333333333333,-1.0,-1.0
Белогорск,-1.0,900.0,810.0,990.0,1140.0
Белозерск,-1.0,890.0,520.0,-1.0,810.0
Белокуриха,-1.0,890.0,433.3333333333333,890.0,-1.0
Беломорск,-1.0,890.0,520.0,-1.0,810.0
Белореченск,-1.0,890.0,681.25,890.0,840.0
Белоусово,-1.0,890.0,544.0,890.0,-1.0
Бердск,-1.0,890.0,433.3333333333333,-1.0,-1.0
Березники,-1.0,890.0,590.0,-1.0,880.0
Беслан,-1.0,890.0,681.25,890.0,840.0
Бикин,-1.0,1033.3333333333333,813.3333333333334,1290.0,977.5
Бирск,-1.0,890.0,432.3333333333333,-1.0,-1.0
Бобров,-1.0,890.0,473.3333333333333,890.0,-1.0
Богданович,-1.0,890.0,550.0,-1.0,840.0
Богородск,-1.0,890.0,465.6666666666667,890.0,699.0
Боготол,-1.0,890.0,433.3333333333333,890.0,-1.0
Богучар,-1.0,890.0,473.3333333333333,890.0,-1.0
Бокситогорск,-1.0,814.0,575.0,-1.0,810.0
Бологое,-1.0,890.0,473.3333333333333,890.0,-1.0
Болотное,-1.0,890.0,433.3333333333333,-1.0,-1.0
Болохово,-1.0,890.0,473.3333333333333,890.0,-1.0
Болхов,-1.0,890.0,504.0,890.0,-1.0
Борисоглебск,-1.0,890.0,473.3333333333333,890.0,-1.0
Боровичи,-1.0,890.0,520.0,-1.0,810.0
Боровск,-1.0,890.0,544.0,890.0,-1.0
Бородино,-1.0,890.0,433.3333333333333,890.0,-1.0
Братск,-1.0,890.0,550.0,-1.0,-1.0
Бугуруслан,-1.0,890.0,499.0,890.0,-1.0
Буденновск,-1.0,890.0,736.3636363636364,890.0,840.0
Бузулук,-1.0,890.0,499.0,890.0,-1.0
Великие Луки,-1.0,890.0,520.0,-1.0,810.0
Вельск,-1.0,890.0,696.6666666666666,-1.0,-1.0
Венев,-1.0,890.0,473.3333333333333,890.0,-1.0
Верхнеуральск,-1.0,890.0,450.0,-1.0,740.0
Весьегонск,-1.0,890.0,473.3333333333333,890.0,-1.0
Ветлуга,-1.0,890.0,465.6666666666667,890.0,699.0
Видное,-1.0,890.0,475.0,890.0,740.0
Вичуга,-1.0,890.0,505.0,890.0,-1.0
Владивосток,-1.0,1033.3333333333333,650.0,990.0,1065.0
Владикавказ,-1.0,890.0,681.25,890.0,840.0
Владимир,-1.0,890.0,505.0,890.0,-1.0
Волгоград,-1.0,890.0,562.5,890.0,840.0
Волгодонск,-1.0,890.0,662.5,890.0,840.0
Волгореченск,-1.0,890.0,473.3333333333333,890.0,-1.0
Вологда,-1.0,890.0,520.0,-1.0,810.0
Володарск,-1.0,890.0,465.6666666666667,890.0,699.0
Волоколамск,-1.0,890.0,475.0,890.0,740.0
Волосово,-1.0,814.0,575.0,-1.0,810.0
Волхов,-1.0,814.0,575.0,-1.0,810.0
Вольск,-1.0,890.0,449.0,890.0,-1.0
Воркута,-1.0,890.0,600.0,-1.0,890.0
Ворсма,-1.0,890.0,465.6666666666667,890.0,699.0
Воскресенск,-1.0,890.0,475.0,890.0,740.0
Воткинск,-1.0,890.0,432.3333333333333,890.0,-1.0
Вуктыл,-1.0,890.0,600.0,-1.0,890.0
Выборг,-1.0,814.0,575.0,-1.0,810.0
Выкса,-1.0,890.0,465.6666666666667,890.0,699.0
Высоковск,-1.0,890.0,475.0,890.0,740.0
Вытегра,-1.0,890.0,520.0,-1.0,810.0
Гаврилов Посад,-1.0,890.0,505.0,890.0,-1.0
Гагарин,-1.0,890.0,505.0,890.0,-1.0
Галич,-1.0,890.0,473.3333333333333,890.0,-1.0
Гатчина,-1.0,814.0,575.0,-1.0,810.0
Гдов,-1.0,890.0,520.0,-1.0,810.0
Георгиевск,-1.0,890.0,736.3636363636364,890.0,840.0
Глазов,-1.0,890.0,432.3333333333333,890.0,-1.0
Горбатов,-1.0,890.0,465.6666666666667,890.0,699.0
Горнозаводск,-1.0,890.0,590.0,-1.0,880.0
Городовиковск,-1.0,890.0,700.0,890.0,840.0
Губаха,-1.0,890.0,590.0,-1.0,880.0
Губкин,-1.0,890.0,605.0,890.0,-1.0
Гуково,-1.0,890.0,662.5,890.0,840.0
Гулькевичи,-1.0,890.0,681.25,890.0,840.0
Гусев,-1.0,890.0,410.0,-1.0,810.0
Гусиноозерск,-1.0,890.0,433.3333333333333,890.0,-1.0
Давлеканово,-1.0,890.0,432.3333333333333,-1.0,-1.0
Дагестанские Огни,-1.0,890.0,662.5,890.0,840.0
Далматово,-1.0,890.0,450.0,-1.0,740.0
Дальнегорск,-1.0,1033.3333333333333,650.0,990.0,1065.0
Дальнереченск,-1.0,1033.3333333333333,650.0,990.0,1065.0
Данилов,-1.0,890.0,473.3333333333333,890.0,-1.0
Данков,-1.0,890.0,500.0,890.0,-1.0
Дедовск,-1.0,890.0,475.0,890.0,740.0
Демидов,-1.0,890.0,505.0,890.0,-1.0
Дербент,-1.0,890.0,662.5,890.0,840.0
Десногорск,-1.0,890.0,505.0,890.0,-1.0
Дивногорск,-1.0,890.0,433.3333333333333,890.0,-1.0
Дигора,-1.0,890.0,681.25,890.0,840.0
Димитровград,-1.0,890.0,432.3333333333333,890.0,-1.0
Дмитриев,-1.0,890.0,473.3333333333333,890.0,-1.0
Дмитров,-1.0,890.0,475.0,890.0,740.0
Дмитровск,-1.0,890.0,504.0,890.0,-1.0
Долинск,-1.0,1533.3333333333333,1168.5714285714287,-1.0,1265.0
Домодедово,-1.0,890.0,475.0,890.0,740.0
Дрезна,-1.0,890.0,475.0,890.0,740.0
Дубна,-1.0,890.0,475.0,890.0,740.0
Дубовка,-1.0,890.0,562.5,890.0,840.0
Егорьевск,-1.0,890.0,475.0,890.0,740.0
Екатеринбург,-1.0,890.0,550.0,890.0,840.0
Елабуга,-1.0,890.0,399.0,890.0,-1.0
Елизово,-1.0,2500.0,2050.0,2490.0,2540.0
Емва,-1.0,890.0,600.0,-1.0,890.0
Ермолино,-1.0,890.0,544.0,890.0,-1.0
Ершов,-1.0,890.0,449.0,890.0,-1.0
Ессентуки,-1.0,890.0,736.3636363636364,890.0,840.0
Ефремов,-1.0,890.0,473.3333333333333,890.0,-1.0
Жуковский,-1.0,890.0,475.0,890.0,740.0
Завитинск,-1.0,900.0,810.0,990.0,1140.0
Заводоуковск,-1.0,890.0,500.0,-1.0,790.0
Задонск,-1.0,890.0,500.0,890.0,-1.0
Заинск,-1.0,890.0,399.0,890.0,-1.0
Закаменск,-1.0,890.0,433.3333333333333,890.0,-1.0
Заозерск,-1.0,923.3333333333334,600.0,-1.0,890.0
Заринск,-1.0,890.0,433.3333333333333,890.0,-1.0
Звенигово,-1.0,890.0,565.6666666666666,890.0,-1.0
Звенигород,-1.0,890.0,475.0,890.0,740.0
Зверево,-1.0,890.0,662.5,890.0,840.0
Зеленогорск,-1.0,787.1428571428571,566.6666666666666,-1.0,810.0
Зеленоградск,-1.0,890.0,410.0,-1.0,810.0
Зеленодольск,-1.0,890.0,399.0,890.0,-1.0
Зеленокумск,-1.0,890.0,736.3636363636364,890.0,840.0
Зерноград,-1.0,890.0,662.5,890.0,840.0
Зима,-1.0,890.0,550.0,-1.0,-1.0
Златоуст,-1.0,890.0,450.0,-1.0,740.0
Злынка,-1.0,890.0,484.0,890.0,-1.0
Змеиногорск,-1.0,890.0,433.3333333333333,890.0,-1.0
Знаменск,-1.0,890.0,642.7272727272727,-1.0,840.0
Зуевка,-1.0,890.0,465.6666666666667,890.0,749.0
Ивангород,-1.0,814.0,575.0,-1.0,810.0
Иваново,-1.0,890.0,504.0,890.0,-1.0
Ивантеевка,-1.0,890.0,475.0,890.0,740.0
Ивдель,-1.0,890.0,550.0,-1.0,840.0
Избербаш,-1.0,890.0,662.5,890.0,840.0
Инза,-1.0,890.0,432.3333333333333,890.0,-1.0
Инсар,-1.0,890.0,432.3333333333333,890.0,-1.0
Инта,-1.0,890.0,600.0,-1.0,890.0
Ипатово,-1.0,890.0,736.3636363636364,890.0,840.0
Ирбит,-1.0,890.0,550.0,-1.0,840.0
Иркутск,-1.0,890.0,550.0,-1.0,-1.0
Исилькуль,-1.0,890.0,433.3333333333333,890.0,-1.0
Искитим,-1.0,890.0,433.3333333333333,-1.0,-1.0
Истра,-1.0,890.0,475.0,890.0,740.0
Ишим,-1.0,890.0,500.0,-1.0,790.0
Кадников,-1.0,890.0,520.0,-1.0,810.0
Казань,-1.0,890.0,399.0,890.0,-1.0
Калач,-1.0,890.0,473.3333333333333,890.0,-1.0
Калач-на-Дону,-1.0,890.0,562.5,890.0,840.0
Калачинск,-1.0,890.0,433.3333333333333,890.0,-1.0
Калининград,-1.0,890.0,410.0,-1.0,810.0
Калининск,-1.0,890.0,449.0,890.0,-1.0
Калтан,-1.0,890.0,433.3333333333333,-1.0,-1.0
Калуга,-1.0,890.0,474.2857142857143,890.0,-1.0
Камбарка,-1.0,890.0,432.3333333333333,890.0,-1.0
Каменка,-1.0,890.0,465.6666666666667,890.0,-1.0
Каменногорск,-1.0,814.0,575.0,-1.0,810.0
Камень-на-Оби,-1.0,890.0,433.3333333333333,890.0,-1.0
Камешково,-1.0,890.0,505.0,890.0,-1.0
Камышин,-1.0,890.0,562.5,890.0,840.0
Камышлов,-1.0,890.0,550.0,-1.0,840.0
Канаш,-1.0,890.0,432.3333333333333,890.0,-1.0
Кандалакша,-1.0,923.3333333333334,600.0,-1.0,890.0
Канск,-1.0,890.0,433.3333333333333,890.0,-1.0
Карабаново,-1.0,890.0,505.0,890.0,-1.0
Карабаш,-1.0,890.0,450.0,-1.0,740.0
Карабулак,-1.0,890.0,760.0,890.0,840.0
Карасук,-1.0,890.0,433.3333333333333,-1.0,-1.0
Карачаевск,-1.0,890.0,736.3636363636364,890.0,840.0
Карачев,-1.0,890.0,484.0,890.0,-1.0
Каргат,-1.0,890.0,433.3333333333333,-1.0,-1.0
Каргополь,-1.0,890.0,696.6666666666666,-1.0,-1.0
Карпинск,-1.0,890.0,550.0,-1.0,840.0
Карталы,-1.0,890.0,450.0,-1.0,740.0
Касимов,-1.0,890.0,473.3333333333333,890.0,-1.0
Касли,-1.0,890.0,450.0,-1.0,740.0
Катав-Ивановск,-1.0,890.0,450.0,-1.0,740.0
Качканар,-1.0,890.0,550.0,-1.0,840.0
Кашин,-1.0,890.0,473.3333333333333,890.0,-1.0
Кашира,-1.0,890.0,475.0,890.0,740.0
Кемерово,-1.0,890.0,433.3333333333333,-1.0,-1.0
Кемь,-1.0,890.0,520.0,-1.0,810.0
Кизел,-1.0,890.0,590.0,-1.0,880.0
Кимовск,-1.0,890.0,473.3333333333333,890.0,-1.0
Кимры,-1.0,890.0,473.3333333333333,890.0,-1.0
Кингисепп,-1.0,814.0,575.0,-1.0,810.0
Кинель,-1.0,890.0,499.0,890.0,-1.0
Кинешма,-1.0,890.0,505.0,890.0,-1.0
Киреевск,-1.0,890.0,473.3333333333333,890.0,-1.0
Кириллов,-1.0,890.0,520.0,-1.0,810.0
Кириши,-1.0,814.0,575.0,-1.0,810.0
Кировград,-1.0,890.0,550.0,-1.0,840.0
Кирс,-1.0,890.0,465.6666666666667,890.0,749.0
Кирсанов,-1.0,890.0,490.0,890.0,-1.0
Киселевск,-1.0,890.0,433.3333333333333,-1.0,-1.0
Кисловодск,-1.0,890.0,736.3636363636364,890.0,840.0
Клин,-1.0,890.0,475.0,890.0,740.0
Ковдор,-1.0,923.3333333333334,600.0,-1.0,890.0
Ковров,-1.0,890.0,505.0,890.0,-1.0
Ковылкино,-1.0,890.0,432.3333333333333,890.0,-1.0
Когалым,-1.0,890.0,500.0,-1.0,790.0
Кодинск,-1.0,890.0,433.3333333333333,890.0,-1.0
Козельск,-1.0,890.0,544.0,890.0,-1.0
Козловка,-1.0,890.0,432.3333333333333,890.0,-1.0
Кола,-1.0,923.3333333333334,600.0,-1.0,890.0
Коломна,-1.0,890.0,475.0,890.0,740.0
Колпашево,-1.0,890.0,433.3333333333333,890.0,-1.0
Колпино,-1.0,787.1428571428571,566.6666666666666,-1.0,810.0
Кольчугино,-1.0,890.0,505.0,890.0,-1.0
Коммунар,-1.0,814.0,575.0,-1.0,810.0
Комсомольск,-1.0,890.0,505.0,890.0,-1.0
Комсомольск-на-Амуре,-1.0,1033.3333333333333,813.3333333333334,1290.0,977.5
Кондопога,-1.0,890.0,400.0,-1.0,810.0
Кондрово,-1.0,890.0,544.0,890.0,-1.0
Константиновск,-1.0,890.0,662.5,890.0,840.0
Кораблино,-1.0,890.0,473.3333333333333,890.0,-1.0
Кореновск,-1.0,890.0,681.25,890.0,840.0
Коркино,-1.0,890.0,450.0,-1.0,740.0
Королев,-1.0,890.0,475.0,890.0,740.0
Короча,-1.0,890.0,605.0,890.0,-1.0
Корсаков,-1.0,1533.3333333333333,1168.5714285714287,-1.0,1265.0
Костерево,-1.0,890.0,505.0,890.0,-1.0
Костомукша,-1.0,890.0,520.0,-1.0,810.0
Кострома,-1.0,890.0,473.3333333333333,890.0,-1.0
Котельники,-1.0,890.0,475.0,890.0,740.0
Котельниково,-1.0,890.0,562.5,890.0,840.0
Котельнич,-1.0,890.0,465.6666666666667,890.0,749.0
Котлас,-1.0,890.0,696.6666666666666,-1.0,-1.0
Котово,-1.0,890.0,562.5,890.0,840.0
Котовск,-1.0,890.0,490.0,890.0,-1.0
Кохма,-1.0,890.0,505.0,890.0,-1.0
Красавино,-1.0,890.0,520.0,-1.0,810.0
Красновишерск,-1.0,890.0,590.0,-1.0,880.0
Красногорск,490.0,890.0,483.3333333333333,890.0,740.0
Краснодар,-1.0,890.0,715.0,890.0,840.0
Красное Село,-1.0,787.1428571428571,566.6666666666666,-1.0,810.0
Краснозаводск,-1.0,890.0,475.0,890.0,740.0
Краснознаменск,-1.0,890.0,410.0,-1.0,810.0
Краснокаменск,-1.0,890.0,433.3333333333333,890.0,-1.0
Краснокамск,-1.0,890.0,590.0,-1.0,880.0
Краснотурьинск,-1.0,890.0,550.0,-1.0,840.0
Красноуральск,-1.0,890.0,550.0,-1.0,840.0
Красноуфимск,-1.0,890.0,550.0,-1.0,840.0
Кременки,-1.0,890.0,544.0,890.0,-1.0
Кронштадт,-1.0,787.1428571428571,566.6666666666666,-1.0,810.0
Кропоткин,-1.0,890.0,681.25,890.0,840.0
Крымск,-1.0,890.0,681.25,890.0,840.0
Кстово,-1.0,890.0,465.6666666666667,890.0,699.0
Кувандык,-1.0,890.0,499.0,890.0,-1.0
Кувшиново,-1.0,890.0,473.3333333333333,890.0,-1.0
Кудрово,-1.0,814.0,575.0,-1.0,810.0
Кудымкар,-1.0,890.0,590.0,-1.0,880.0
Кулебаки,-1.0,890.0,465.6666666666667,890.0,699.0
Кумертау,-1.0,890.0,432.3333333333333,-1.0,-1.0
Кунгур,-1.0,890.0,590.0,-1.0,880.0
Купино,-1.0,890.0,433.3333333333333,-1.0,-1.0
Курган,-1.0,890.0,450.0,-1.0,740.0
Курганинск,-1.0,890.0,681.25,890.0,840.0
Курлово,-1.0,890.0,505.0,890.0,-1.0
Куровское,-1.0,890.0,475.0,890.0,740.0
Курск,-1.0,890.0,473.3333333333333,890.0,-1.0
Куртамыш,-1.0,890.0,450.0,-1.0,740.0
Курчатов,-1.0,890.0,473.3333333333333,890.0,-1.0
Куса,-1.0,890.0,450.0,-1.0,740.0
Кушва,-1.0,890.0,550.0,-1.0,840.0
Кызыл,-1.0,1250.0,800.0,990.0,-1.0
Кыштым,-1.0,890.0,450.0,-1.0,740.0
Лабинск,-1.0,890.0,681.25,890.0,840.0
Лабытнанги,-1.0,890.0,500.0,-1.0,790.0
Лагань,-1.0,890.0,700.0,890.0,840.0
Ладушкин,-1.0,890.0,410.0,-1.0,810.0
Лакинск,-1.0,890.0,505.0,890.0,-1.0
Лангепас,-1.0,890.0,500.0,-1.0,790.0
Ленинск,-1.0,890.0,562.5,890.0,840.0
Ленск,-1.0,1966.6666666666667,1266.6666666666667,2490.0,1840.0
Лермонтов,-1.0,890.0,736.3636363636364,890.0,840.0
Лесозаводск,-1.0,1033.3333333333333,650.0,990.0,1065.0
Лесосибирск,-1.0,890.0,433.3333333333333,890.0,-1.0
Ливны,-1.0,890.0,504.0,890.0,-1.0
Ликино-Дулево,-1.0,890.0,475.0,890.0,740.0
Липки,-1.0,890.0,473.3333333333333,890.0,-1.0
Лиски,-1.0,890.0,473.3333333333333,890.0,-1.0
Лихославль,-1.0,890.0,473.3333333333333,890.0,-1.0
Ломоносов,-1.0,787.1428571428571,566.6666666666666,-1.0,810.0
Луга,-1.0,814.0,575.0,-1.0,810.0
Луза,-1.0,890.0,465.6666666666667,890.0,749.0
Лысково,-1.0,890.0,465.6666666666667,890.0,699.0
Лысьва,-1.0,890.0,590.0,-1.0,880.0
Лыткарино,-1.0,890.0,475.0,890.0,740.0
Льгов,-1.0,890.0,473.3333333333333,890.0,-1.0
Магадан,-1.0,2500.0,1800.0,2490.0,2465.0
Магас,-1.0,890.0,760.0,890.0,840.0
Магнитогорск,-1.0,890.0,450.0,-1.0,740.0
Макаров,-1.0,1533.3333333333333,1168.5714285714287,-1.0,1265.0
Макарьев,-1.0,890.0,473.3333333333333,890.0,-1.0
Макушино,-1.0,890.0,450.0,-1.0,740.0
Малгобек,-1.0,890.0,760.0,890.0,840.0
Малоархангельск,-1.0,890.0,504.0,890.0,-1.0
Мантурово,-1.0,890.0,473.3333333333333,890.0,-1.0
Мариинск,-1.0,890.0,433.3333333333333,-1.0,-1.0
Маркс,-1.0,890.0,449.0,890.0,-1.0
Махачкала,-1.0,890.0,662.5,890.0,840.0
Мглин,-1.0,890.0,484.0,890.0,-1.0
Мегион,-1.0,890.0,500.0,-1.0,790.0
Медногорск,-1.0,890.0,499.0,890.0,-1.0
Медынь,-1.0,890.0,544.0,890.0,-1.0
Меленки,-1.0,890.0,505.0,890.0,-1.0
Мелеуз,-1.0,890.0,432.3333333333333,-1.0,-1.0
Миасс,-1.0,890.0,450.0,-1.0,740.0
Микунь,-1.0,890.0,600.0,-1.0,890.0
Миллерово,-1.0,890.0,662.5,890.0,840.0
Минеральные Воды,-1.0,890.0,736.3636363636364,890.0,840.0
Минусинск,-1.0,890.0,433.3333333333333,890.0,-1.0
Мичуринск,-1.0,890.0,490.0,890.0,-1.0
Могоча,-1.0,890.0,433.3333333333333,890.0,-1.0
Моздок,-1.0,890.0,681.25,890.0,840.0
Мончегорск,-1.0,923.3333333333334,600.0,-1.0,890.0
Моршанск,-1.0,890.0,490.0,890.0,-1.0
Мосальск,-1.0,890.0,544.0,890.0,-1.0
Муравленко,-1.0,890.0,500.0,-1.0,790.0
Мураши,-1.0,890.0,465.6666666666667,890.0,749.0
Мурино,-1.0,814.0,575.0,-1.0,810.0
Мурманск,-1.0,923.3333333333334,600.0,-1.0,890.0
Муром,-1.0,890.0,505.0,890.0,-1.0
Мыски,-1.0,890.0,433.3333333333333,-1.0,-1.0
Мышкин,-1.0,890.0,473.3333333333333,890.0,-1.0
Навашино,-1.0,890.0,465.6666666666667,890.0,699.0
Наволоки,-1.0,890.0,505.0,890.0,-1.0
Надым,-1.0,890.0,500.0,-1.0,790.0
Назарово,-1.0,890.0,433.3333333333333,890.0,-1.0
Назрань,-1.0,890.0,760.0,890.0,840.0
Называевск,-1.0,890.0,433.3333333333333,890.0,-1.0
Нальчик,-1.0,890.0,681.25,890.0,840.0
Нариманов,-1.0,890.0,642.7272727272727,-1.0,840.0
Наро-Фоминск,-1.0,890.0,475.0,890.0,740.0
Нарткала,-1.0,890.0,681.25,890.0,840.0
Находка,-1.0,1033.3333333333333,650.0,990.0,1065.0
Невельск,-1.0,1533.3333333333333,1168.5714285714287,-1.0,1265.0
Невинномысск,-1.0,890.0,736.3636363636364,890.0,840.0
Нелидово,-1.0,890.0,473.3333333333333,890.0,-1.0
Неман,-1.0,890.0,410.0,-1.0,810.0
Нерехта,-1.0,890.0,473.3333333333333,890.0,-1.0
Нерчинск,-1.0,890.0,433.3333333333333,890.0,-1.0
Нестеров,-1.0,890.0,410.0,-1.0,810.0
Нефтегорск,-1.0,890.0,499.0,890.0,-1.0
Нефтекамск,-1.0,890.0,432.3333333333333,-1.0,-1.0
Нефтекумск,-1.0,890.0,736.3636363636364,890.0,840.0
Николаевск,-1.0,890.0,562.5,890.0,840.0
Николаевск-на-Амуре,-1.0,1033.3333333333333,813.3333333333334,1290.0,977.5
Никольское,-1.0,814.0,575.0,-1.0,810.0
Новоалександровск,-1.0,890.0,736.3636363636364,890.0,840.0
Новодвинск,-1.0,890.0,696.6666666666666,-1.0,-1.0
Новозыбков,-1.0,890.0,484.0,890.0,-1.0
Новокубанск,-1.0,890.0,681.25,890.0,840.0
Новомичуринск,-1.0,890.0,473.3333333333333,890.0,-1.0
Новомосковск,-1.0,890.0,473.3333333333333,890.0,-1.0
Новопавловск,-1.0,890.0,736.3636363636364,890.0,840.0
Новосибирск,-1.0,890.0,433.3333333333333,-1.0,-1.0
Новосиль,-1.0,890.0,504.0,890.0,-1.0
Новосокольники,-1.0,890.0,520.0,-1.0,810.0
Новоузенск,-1.0,890.0,449.0,890.0,-1.0
Новоуральск,-1.0,890.0,550.0,-1.0,840.0
Новочебоксарск,-1.0,890.0,432.3333333333333,890.0,-1.0
Новочеркасск,-1.0,890.0,662.5,890.0,840.0
Новошахтинск,-1.0,890.0,662.5,890.0,840.0
Ногинск,-1.0,890.0,475.0,890.0,740.0
Нолинск,-1.0,890.0,465.6666666666667,890.0,749.0
Нытва,-1.0,890.0,590.0,-1.0,880.0
Облучье,-1.0,1033.3333333333333,813.3333333333334,1290.0,977.5
Обнинск,-1.0,890.0,544.0,890.0,-1.0
Обь,-1.0,890.0,433.3333333333333,-1.0,-1.0
Озеры,-1.0,890.0,475.0,890.0,740.0
Окуловка,-1.0,890.0,520.0,-1.0,810.0
Олекминск,-1.0,1966.6666666666667,1266.6666666666667,2490.0,1840.0
Оленегорск,-1.0,923.3333333333334,600.0,-1.0,890.0
Омск,-1.0,890.0,433.3333333333333,890.0,-1.0
Омутнинск,-1.0,890.0,465.6666666666667,890.0,749.0
Онега,-1.0,890.0,696.6666666666666,-1.0,-1.0
Опочка,-1.0,890.0,520.0,-1.0,810.0
Оренбург,-1.0,890.0,499.0,890.0,-1.0
Орехово-Зуево,-1.0,890.0,475.0,890.0,740.0
Орск,-1.0,890.0,499.0,890.0,-1.0
Орёл,-1.0,890.0,504.0,890.0,-1.0
Оса,-1.0,890.0,590.0,-1.0,880.0
Осинники,-1.0,890.0,433.3333333333333,-1.0,-1.0
Осташков,-1.0,890.0,473.3333333333333,890.0,-1.0
Остров,-1.0,890.0,520.0,-1.0,810.0
Оха,-1.0,1533.3333333333333,1168.5714285714287,-1.0,1265.0
Оханск,-1.0,890.0,590.0,-1.0,880.0
Очер,-1.0,890.0,590.0,-1.0,880.0
Павлово,-1.0,890.0,465.6666666666667,890.0,699.0
Палласовка,-1.0,890.0,562.5,890.0,840.0
Партизанск,-1.0,1033.3333333333333,650.0,990.0,1065.0
Пенза,-1.0,890.0,465.6666666666667,890.0,-1.0
Первоуральск,-1.0,890.0,550.0,-1.0,840.0
Перевоз,-1.0,890.0,465.6666666666667,890.0,699.0
Пермь,-1.0,890.0,590.0,-1.0,880.0
Пестово,-1.0,890.0,520.0,-1.0,810.0
Петергоф,-1.0,787.1428571428571,566.6666666666666,-1.0,810.0
Петров Вал,-1.0,890.0,562.5,890.0,840.0
Петровск,-1.0,890.0,449.0,890.0,-1.0
Петрозаводск,-1.0,890.0,400.0,-1.0,810.0
Петухово,-1.0,890.0,450.0,-1.0,740.0
Петушки,-1.0,890.0,505.0,890.0,-1.0
Печора,-1.0,890.0,600.0,-1.0,890.0
Печоры,-1.0,890.0,520.0,-1.0,810.0
Пикалево,-1.0,814.0,575.0,-1.0,810.0
Плавск,-1.0,890.0,473.3333333333333,890.0,-1.0
Пласт,-1.0,890.0,450.0,-1.0,740.0
Плес,-1.0,890.0,505.0,890.0,-1.0
Поворино,-1.0,890.0,473.3333333333333,890.0,-1.0
Подольск,490.0,890.0,483.3333333333333,890.0,740.0
Покачи,-1.0,890.0,500.0,-1.0,790.0
Покров,-1.0,890.0,505.0,890.0,-1.0
Покровск,-1.0,1966.6666666666667,1266.6666666666667,2490.0,1840.0
Полысаево,-1.0,890.0,433.3333333333333,-1.0,-1.0
Порхов,-1.0,890.0,520.0,-1.0,810.0
Похвистнево,-1.0,890.0,499.0,890.0,-1.0
Почеп,-1.0,890.0,484.0,890.0,-1.0
Починок,-1.0,890.0,505.0,890.0,-1.0
Пошехонье,-1.0,890.0,473.3333333333333,890.0,-1.0
Правдинск,-1.0,890.0,410.0,-1.0,810.0
Приморск,-1.0,890.0,410.0,-1.0,810.0
Приморско-Ахтарск,-1.0,890.0,681.25,890.0,840.0
Приозерск,-1.0,814.0,575.0,-1.0,810.0
Прокопьевск,-1.0,890.0,433.3333333333333,-1.0,-1.0
Пролетарск,-1.0,890.0,662.5,890.0,840.0
Протвино,-1.0,890.0,475.0,890.0,740.0
Псков,-1.0,890.0,520.0,-1.0,810.0
Пугачев,-1.0,890.0,449.0,890.0,-1.0
Пушкин,-1.0,787.1428571428571,566.6666666666666,-1.0,810.0
Пушкино,-1.0,890.0,475.0,890.0,740.0
Раменское,-1.0,890.0,475.0,890.0,740.0
Рассказово,-1.0,890.0,490.0,890.0,-1.0
Ревда,-1.0,890.0,550.0,-1.0,840.0
Реутов,490.0,890.0,483.3333333333333,890.0,740.0
Родники,-1.0,890.0,505.0,890.0,-1.0
Рославль,-1.0,890.0,505.0,890.0,-1.0
Россошь,-1.0,890.0,473.3333333333333,890.0,-1.0
Ростов,-1.0,890.0,473.3333333333333,890.0,-1.0
Ростов-на-Дону,-1.0,890.0,662.5,890.0,840.0
Рошаль,-1.0,890.0,475.0,890.0,740.0
Руза,-1.0,890.0,475.0,890.0,740.0
Рузаевка,-1.0,890.0,432.3333333333333,890.0,-1.0
Рыбинск,-1.0,890.0,473.3333333333333,890.0,-1.0
Рыбное,-1.0,890.0,473.3333333333333,890.0,-1.0
Рыльск,-1.0,890.0,473.3333333333333,890.0,-1.0
Салават,-1.0,890.0,432.3333333333333,-1.0,-1.0
Салаир,-1.0,890.0,433.3333333333333,-1.0,-1.0
Салехард,-1.0,890.0,500.0,-1.0,790.0
Сальск,-1.0,890.0,662.5,890.0,840.0
Самара,-1.0,890.0,499.0,890.0,-1.0
Санкт-Петербург,-1.0,787.1428571428571,566.6666666666666,-1.0,810.0
Саранск,-1.0,890.0,432.3333333333333,890.0,-1.0
Сарапул,-1.0,890.0,432.3333333333333,890.0,-1.0
Саратов,-1.0,890.0,449.0,890.0,-1.0
Саров,-1.0,890.0,465.6666666666667,890.0,699.0
Сасово,-1.0,890.0,473.3333333333333,890.0,-1.0
Сатка,-1.0,890.0,450.0,-1.0,740.0
Сафоново,-1.0,890.0,505.0,890.0,-1.0
Светлогорск,-1.0,890.0,410.0,-1.0,810.0
Светлоград,-1.0,890.0,736.3636363636364,890.0,840.0
Светогорск,-1.0,814.0,575.0,-1.0,810.0
Северодвинск,-1.0,890.0,696.6666666666666,-1.0,-1.0
Североморск,-1.0,923.3333333333334,600.0,-1.0,890.0
Североуральск,-1.0,890.0,550.0,-1.0,840.0
Северск,-1.0,890.0,433.3333333333333,890.0,-1.0
Севск,-1.0,890.0,484.0,890.0,-1.0
Семенов,-1.0,890.0,465.6666666666667,890.0,699.0
Семикаракорск,-1.0,890.0,662.5,890.0,840.0
Серафимович,-1.0,890.0,562.5,890.0,840.0
Сергач,-1.0,890.0,465.6666666666667,890.0,699.0
Сергиев Посад,-1.0,890.0,475.0,890.0,740.0
Сердобск,-1.0,890.0,465.6666666666667,890.0,-1.0
Серов,-1.0,890.0,550.0,-1.0,840.0
Серпухов,-1.0,890.0,475.0,890.0,740.0
Сертолово,-1.0,814.0,575.0,-1.0,810.0
Сим,-1.0,890.0,450.0,-1.0,740.0
Сковородино,-1.0,900.0,810.0,990.0,1140.0
Скопин,-1.0,890.0,473.3333333333333,890.0,-1.0
Славгород,-1.0,890.0,433.3333333333333,890.0,-1.0
Смоленск,-1.0,890.0,505.0,890.0,-1.0
Собинка,-1.0,890.0,505.0,890.0,-1.0
Советск,-1.0,890.0,410.0,-1.0,810.0
Сокол,-1.0,890.0,520.0,-1.0,810.0
Солигалич,-1.0,890.0,473.3333333333333,890.0,-1.0
Соликамск,-1.0,890.0,590.0,-1.0,880.0
Солнечногорск,-1.0,890.0,475.0,890.0,740.0
Сорочинск,-1.0,890.0,499.0,890.0,-1.0
Сорск,-1.0,890.0,433.3333333333333,890.0,-1.0
Сортавала,-1.0,890.0,400.0,-1.0,810.0
Сосновка,-1.0,890.0,465.6666666666667,890.0,749.0
Сосновоборск,-1.0,890.0,433.3333333333333,890.0,-1.0
Сосногорск,-1.0,890.0,600.0,-1.0,890.0
Сочи,-1.0,890.0,715.0,890.0,840.0
Спас-Деменск,-1.0,890.0,544.0,890.0,-1.0
Спас-Клепики,-1.0,890.0,473.3333333333333,890.0,-1.0
Спасск,-1.0,890.0,465.6666666666667,890.0,-1.0
Среднеуральск,-1.0,890.0,550.0,-1.0,840.0
Сретенск,-1.0,890.0,433.3333333333333,890.0,-1.0
Ставрополь,-1.0,890.0,736.3636363636364,890.0,840.0
Стародуб,-1.0,890.0,484.0,890.0,-1.0
Стерлитамак,-1.0,890.0,432.3333333333333,-1.0,-1.0
Строитель,-1.0,890.0,605.0,890.0,-1.0
Ступино,-1.0,890.0,475.0,890.0,740.0
Суворов,-1.0,890.0,473.3333333333333,890.0,-1.0
Судогда,-1.0,890.0,505.0,890.0,-1.0
Суздаль,-1.0,890.0,505.0,890.0,-1.0
Сургут,-1.0,890.0,500.0,-1.0,790.0
Суровикино,-1.0,890.0,562.5,890.0,840.0
Сурск,-1.0,890.0,465.6666666666667,890.0,-1.0
Сусуман,-1.0,2500.0,1800.0,2490.0,2465.0
Сухиничи,-1.0,890.0,544.0,890.0,-1.0
Сызрань,-1.0,890.0,499.0,890.0,-1.0
Сыктывкар,-1.0,890.0,600.0,-1.0,890.0
Сысерть,-1.0,890.0,550.0,-1.0,840.0
Сычевка,-1.0,890.0,505.0,890.0,-1.0
Тавда,-1.0,890.0,550.0,-1.0,840.0
Таганрог,-1.0,890.0,662.5,890.0,840.0
Талдом,-1.0,890.0,475.0,890.0,740.0
Тамбов,-1.0,890.0,490.0,890.0,-1.0
Тара,-1.0,890.0,433.3333333333333,890.0,-1.0
Тарко-Сале,-1.0,890.0,500.0,-1.0,790.0
Таруса,-1.0,890.0,544.0,890.0,-1.0
Татарск,-1.0,890.0,433.3333333333333,-1.0,-1.0
Таштагол,-1.0,890.0,433.3333333333333,-1.0,-1.0
Тверь,-1.0,890.0,473.3333333333333,890.0,-1.0
Теберда,-1.0,890.0,736.3636363636364,890.0,840.0
Темников,-1.0,890.0,432.3333333333333,890.0,-1.0
Терек,-1.0,890.0,681.25,890.0,840.0
Тимашевск,-1.0,890.0,681.25,890.0,840.0
Тихвин,-1.0,814.0,575.0,-1.0,810.0
Тобольск,-1.0,890.0,500.0,-1.0,790.0
Тогучин,-1.0,890.0,433.3333333333333,-1.0,-1.0
Томари,-1.0,1533.3333333333333,1168.5714285714287,-1.0,1265.0
Томск,-1.0,890.0,433.3333333333333,890.0,-1.0
Топки,-1.0,890.0,433.3333333333333,-1.0,-1.0
Тосно,-1.0,814.0,575.0,-1.0,810.0
Тотьма,-1.0,890.0,520.0,-1.0,810.0
Трубчевск,-1.0,890.0,484.0,890.0,-1.0
Туапсе,-1.0,890.0,681.25,890.0,840.0
Тула,-1.0,890.0,473.3333333333333,890.0,-1.0
Тулун,-1.0,890.0,550.0,-1.0,-1.0
Туринск,-1.0,890.0,550.0,-1.0,840.0
Тутаев,-1.0,890.0,473.3333333333333,890.0,-1.0
Тында,-1.0,900.0,810.0,990.0,1140.0
Тырныауз,-1.0,890.0,681.25,890.0,840.0
Уварово,-1.0,890.0,490.0,890.0,-1.0
Углегорск,-1.0,1533.3333333333333,1168.5714285714287,-1.0,1265.0
Углич,-1.0,890.0,473.3333333333333,890.0,-1.0
Улан-Удэ,-1.0,890.0,433.3333333333333,890.0,-1.0
Унеча,-1.0,890.0,484.0,890.0,-1.0
Урень,-1.0,890.0,465.6666666666667,890.0,699.0
Усинск,-1.0,890.0,600.0,-1.0,890.0
Усмань,-1.0,890.0,500.0,890.0,-1.0
Усолье,-1.0,890.0,590.0,-1.0,880.0
Усолье-Сибирское,-1.0,890.0,550.0,-1.0,-1.0
Усть-Илимск,-1.0,890.0,550.0,-1.0,-1.0
Усть-Катав,-1.0,890.0,450.0,-1.0,740.0
Усть-Кут,-1.0,890.0,550.0,-1.0,-1.0
Усть-Лабинск,-1.0,890.0,681.25,890.0,840.0
Уфа,-1.0,890.0,432.3333333333333,-1.0,-1.0
Ухта,-1.0,890.0,600.0,-1.0,890.0
Учалы,-1.0,890.0,432.3333333333333,-1.0,-1.0
Фролово,-1.0,890.0,562.5,890.0,840.0
Фурманов,-1.0,890.0,505.0,890.0,-1.0
Хабаровск,-1.0,1033.3333333333333,813.3333333333334,1290.0,977.5
Харабали,-1.0,890.0,642.7272727272727,-1.0,840.0
Харовск,-1.0,890.0,520.0,-1.0,810.0
Хвалынск,-1.0,890.0,449.0,890.0,-1.0
Хилок,-1.0,890.0,433.3333333333333,890.0,-1.0
Химки,-1.0,890.0,475.0,890.0,740.0
Холмск,-1.0,1533.3333333333333,1168.5714285714287,-1.0,1265.0
Хотьково,-1.0,890.0,475.0,890.0,740.0
Чапаевск,-1.0,890.0,499.0,890.0,-1.0
Чаплыгин,-1.0,890.0,500.0,890.0,-1.0
Чебаркуль,-1.0,890.0,450.0,-1.0,740.0
Чебоксары,-1.0,890.0,432.3333333333333,890.0,-1.0
Чегем,-1.0,890.0,681.25,890.0,840.0
Черемхово,-1.0,890.0,550.0,-1.0,-1.0
Черепаново,-1.0,890.0,433.3333333333333,-1.0,-1.0
Черкесск,-1.0,890.0,736.3636363636364,890.0,840.0
Черногорск,-1.0,890.0,433.3333333333333,890.0,-1.0
Чернушка,-1.0,890.0,590.0,-1.0,880.0
Чита,-1.0,890.0,433.3333333333333,890.0,-1.0
Чкаловск,-1.0,890.0,465.6666666666667,890.0,699.0
Чудово,-1.0,890.0,520.0,-1.0,810.0
Чулым,-1.0,890.0,433.3333333333333,-1.0,-1.0
Чухлома,-1.0,890.0,473.3333333333333,890.0,-1.0
Шадринск,-1.0,890.0,450.0,-1.0,740.0
Шарыпово,-1.0,890.0,433.3333333333333,890.0,-1.0
Шатура,-1.0,890.0,475.0,890.0,740.0
Шахтерск,-1.0,1533.3333333333333,1168.5714285714287,-1.0,1265.0
Шахты,-1.0,890.0,662.5,890.0,840.0
Шебекино,-1.0,890.0,605.0,890.0,-1.0
Шелехов,-1.0,890.0,550.0,-1.0,-1.0
Шилка,-1.0,890.0,433.3333333333333,890.0,-1.0
Шимановск,-1.0,900.0,810.0,990.0,1140.0
Шиханы,-1.0,890.0,449.0,890.0,-1.0
Шлиссельбург,-1.0,814.0,575.0,-1.0,810.0
Шумиха,-1.0,890.0,450.0,-1.0,740.0
Электрогорск,-1.0,890.0,475.0,890.0,740.0
Электроугли,-1.0,890.0,475.0,890.0,740.0
Элиста,-1.0,890.0,700.0,890.0,840.0
Энгельс,-1.0,890.0,449.0,890.0,-1.0
Эртиль,-1.0,890.0,473.3333333333333,890.0,-1.0
